{"cameraMode":{"drawMode":0,"name":"Shaded","section":"Shading Mode"},"sceneLighting":true,"audioPlay":false,"sceneViewState":{"showFog":true,"showMaterialUpdate":false,"showSkybox":true,"showFlares":true,"showImageEffects":true,"showParticleSystems":true},"in2DMode":false,"pivot":{"x":0.5102990865707398,"y":-25.00949478149414,"z":10.388677597045899},"rotation":{"x":0.5431920289993286,"y":0.035507094115018848,"z":-0.02298748679459095,"w":0.838549792766571},"size":19.830507278442384,"orthographic":false}